{
  "Total" : {
    "transaction" : "Total",
    "sampleCount" : 500,
    "errorCount" : 269,
    "errorPct" : 53.8,
    "meanResTime" : 150938.8619999999,
    "medianResTime" : 158093.5,
    "minResTime" : 16896.0,
    "maxResTime" : 427798.0,
    "pct1ResTime" : 229669.90000000005,
    "pct2ResTime" : 301477.2,
    "pct3ResTime" : 352961.28,
    "throughput" : 1.1683389491492155,
    "receivedKBytesPerSec" : 158.12348170702498,
    "sentKBytesPerSec" : 0.06536308761607447
  },
  "HTTP Request" : {
    "transaction" : "HTTP Request",
    "sampleCount" : 500,
    "errorCount" : 269,
    "errorPct" : 53.8,
    "meanResTime" : 150938.8619999999,
    "medianResTime" : 158093.5,
    "minResTime" : 16896.0,
    "maxResTime" : 427798.0,
    "pct1ResTime" : 229669.90000000005,
    "pct2ResTime" : 301477.2,
    "pct3ResTime" : 352961.28,
    "throughput" : 1.1683389491492155,
    "receivedKBytesPerSec" : 158.12348170702498,
    "sentKBytesPerSec" : 0.06536308761607447
  }
}