{
  "Total" : {
    "transaction" : "Total",
    "sampleCount" : 1000,
    "errorCount" : 1000,
    "errorPct" : 100.0,
    "meanResTime" : 267.72800000000046,
    "medianResTime" : 312.5,
    "minResTime" : 0.0,
    "maxResTime" : 825.0,
    "pct1ResTime" : 522.0,
    "pct2ResTime" : 536.9499999999999,
    "pct3ResTime" : 616.0,
    "throughput" : 544.3658138268917,
    "receivedKBytesPerSec" : 1154.8896170726728,
    "sentKBytesPerSec" : 0.0
  },
  "HTTP Request" : {
    "transaction" : "HTTP Request",
    "sampleCount" : 1000,
    "errorCount" : 1000,
    "errorPct" : 100.0,
    "meanResTime" : 267.72800000000046,
    "medianResTime" : 312.5,
    "minResTime" : 0.0,
    "maxResTime" : 825.0,
    "pct1ResTime" : 522.0,
    "pct2ResTime" : 536.9499999999999,
    "pct3ResTime" : 616.0,
    "throughput" : 544.3658138268917,
    "receivedKBytesPerSec" : 1154.8896170726728,
    "sentKBytesPerSec" : 0.0
  }
}